"ID","Geslacht","Leeftijd","Perioden","TotaalVerkeersdoden_1","Voetganger_2","Fiets_3","BromEnSnorfietsEnBrommobiel_4","GemotInvalidenvrtgInclScootmobiel_5","Motorfiets_6","Personenauto_7","BestelautoVrachtwagen_8","OverigeDeelname_9","OnbekendeDeelname_10"
0,"   3","  99","1996JJ00","    1251","     132","     239","     100","       2","      94","     609","      27","      31","      17"
1,"   3","  99","1997JJ00","    1235","     132","     264","      86","      12","      98","     591","      34","       5","      13"
2,"   3","  99","1998JJ00","    1149","     133","     212","      82","       3","      85","     603","      21","       7","       3"
3,"   3","  99","1999JJ00","    1186","     130","     227","      96","      10","      83","     587","      41","       4","       8"
4,"   3","  99","2000JJ00","    1166","     114","     233","     104","       6","      95","     543","      58","       9","       4"
5,"   3","  99","2001JJ00","    1083","     115","     225","      78","       7","      85","     504","      59","       4","       6"
6,"   3","  99","2002JJ00","    1066","     108","     195","      93","      12","     102","     503","      47","       6","       0"
7,"   3","  99","2003JJ00","    1088","     107","     219","      87","      12","      96","     496","      61","      10","       0"
8,"   3","  99","2004JJ00","     881","      77","     180","      58","      29","      91","     420","      22","       4","       0"
9,"   3","  99","2005JJ00","     817","      89","     181","      62","      16","      78","     356","      26","       6","       3"
10,"   3","  99","2006JJ00","     811","      73","     216","      66","      21","      59","     340","      30","       6","       0"
11,"   3","  99","2007JJ00","     791","      91","     189","      67","      13","      65","     317","      43","       5","       1"
12,"   3","  99","2008JJ00","     750","      62","     181","      54","      22","      67","     317","      39","       6","       2"
13,"   3","  99","2009JJ00","     720","      68","     185","      55","      12","      70","     296","      28","       1","       5"
14,"   3","  99","2010JJ00","     640","      72","     162","      43","      19","      63","     246","      27","       7","       1"
15,"   3","  99","2011JJ00","     661","      74","     200","      45","      29","      52","     231","      22","       7","       1"
16,"   3","  99","2012JJ00","     650","      68","     200","      50","      23","      54","     232","      19","       3","       1"
17,"   3","  99","2013JJ00","     570","      56","     184","      53","      32","      29","     193","      22","       1","       0"
18,"   3","  99","2014JJ00","     570","      49","     185","      47","      27","      55","     187","      15","       3","       2"
19,"   3","  99","2015JJ00","     621","      57","     185","      45","      41","      47","     224","      19","       2","       1"
20,"   3","   1","1996JJ00","      68","      12","      30","       4","       0","       0","      16","       0","       3","       3"
21,"   3","   1","1997JJ00","      68","      16","      35","       1","       0","       0","      14","       1","       1","       0"
22,"   3","   1","1998JJ00","      49","      10","      22","       0","       0","       0","      17","       0","       0","       0"
23,"   3","   1","1999JJ00","      83","      20","      38","       1","       0","       2","      21","       1","       0","       0"
24,"   3","   1","2000JJ00","      59","      11","      30","       2","       0","       0","      12","       4","       0","       0"
25,"   3","   1","2001JJ00","      50","      14","      19","       1","       0","       1","      15","       0","       0","       0"
26,"   3","   1","2002JJ00","      41","      16","      20","       0","       0","       1","       4","       0","       0","       0"
27,"   3","   1","2003JJ00","      64","      17","      21","       2","       0","       0","      18","       3","       3","       0"
28,"   3","   1","2004JJ00","      36","       6","      22","       0","       1","       1","       5","       0","       1","       0"
29,"   3","   1","2005JJ00","      31","       9","      14","       0","       0","       0","       8","       0","       0","       0"
30,"   3","   1","2006JJ00","      37","       7","      17","       0","       0","       0","      13","       0","       0","       0"
31,"   3","   1","2007JJ00","      36","       8","      16","       3","       0","       0","       6","       1","       2","       0"
32,"   3","   1","2008JJ00","      25","       3","      13","       0","       1","       0","       7","       1","       0","       0"
33,"   3","   1","2009JJ00","      24","       7","      16","       0","       0","       0","       1","       0","       0","       0"
34,"   3","   1","2010JJ00","      18","       4","       9","       0","       0","       0","       5","       0","       0","       0"
35,"   3","   1","2011JJ00","      19","       3","      10","       1","       0","       0","       4","       0","       0","       1"
36,"   3","   1","2012JJ00","      25","       5","      13","       0","       0","       0","       6","       1","       0","       0"
37,"   3","   1","2013JJ00","       9","       4","       5","       0","       0","       0","       0","       0","       0","       0"
38,"   3","   1","2014JJ00","      19","       3","      13","       0","       0","       0","       3","       0","       0","       0"
39,"   3","   1","2015JJ00","      18","       3","       9","       2","       0","       0","       4","       0","       0","       0"
40,"   3","   2","1996JJ00","     130","      11","      26","      47","       0","       5","      36","       1","       3","       1"
41,"   3","   2","1997JJ00","     120","       5","      27","      39","       0","       5","      41","       1","       2","       0"
42,"   3","   2","1998JJ00","     126","       8","      19","      48","       0","       2","      46","       2","       1","       0"
43,"   3","   2","1999JJ00","     120","       5","      22","      35","       0","       2","      53","       2","       0","       1"
44,"   3","   2","2000JJ00","     138","       6","      20","      43","       0","       7","      52","       8","       2","       0"
45,"   3","   2","2001JJ00","     104","      11","      18","      25","       0","       3","      46","       1","       0","       0"
46,"   3","   2","2002JJ00","     138","       5","      21","      37","       0","       4","      66","       5","       0","       0"
47,"   3","   2","2003JJ00","     115","       4","      15","      29","       0","       2","      59","       6","       0","       0"
48,"   3","   2","2004JJ00","      85","       3","      11","      21","       0","       3","      44","       2","       1","       0"
49,"   3","   2","2005JJ00","      71","       4","      12","      22","       0","       1","      32","       0","       0","       0"
50,"   3","   2","2006JJ00","      64","       2","      16","      15","       0","       1","      26","       2","       2","       0"
51,"   3","   2","2007JJ00","      79","       5","      15","      25","       0","       2","      28","       3","       1","       0"
52,"   3","   2","2008JJ00","      66","       4","      12","      18","       0","       2","      30","       0","       0","       0"
53,"   3","   2","2009JJ00","      69","       5","      10","      14","       0","       1","      36","       3","       0","       0"
54,"   3","   2","2010JJ00","      46","       1","      10","      10","       0","       2","      19","       3","       1","       0"
55,"   3","   2","2011JJ00","      45","       4","      11","      12","       0","       0","      17","       0","       1","       0"
56,"   3","   2","2012JJ00","      29","       4","       8","       4","       0","       0","      12","       0","       1","       0"
57,"   3","   2","2013JJ00","      41","       1","       8","       8","       0","       2","      21","       1","       0","       0"
58,"   3","   2","2014JJ00","      43","       3","       8","      10","       0","       1","      18","       0","       1","       2"
59,"   3","   2","2015JJ00","      44","       1","       8","       6","       0","       3","      22","       3","       1","       0"
60,"   3","   3","1996JJ00","     296","      15","      10","      13","       0","      33","     201","       6","      16","       2"
61,"   3","   3","1997JJ00","     283","       8","      16","       6","       0","      38","     203","       9","       0","       3"
62,"   3","   3","1998JJ00","     262","      16","      10","      10","       0","      28","     192","       3","       3","       0"
63,"   3","   3","1999JJ00","     255","      12","      10","       8","       1","      34","     176","      12","       1","       1"
64,"   3","   3","2000JJ00","     256","      15","      12","      13","       0","      26","     173","      16","       1","       0"
65,"   3","   3","2001JJ00","     218","       7","      15","      12","       0","      22","     142","      18","       1","       1"
66,"   3","   3","2002JJ00","     231","      11","      16","       9","       0","      28","     151","      15","       1","       0"
67,"   3","   3","2003JJ00","     214","       6","       9","      10","       0","      36","     143","      10","       0","       0"
68,"   3","   3","2004JJ00","     182","       8","      13","       7","       1","      31","     117","       4","       1","       0"
69,"   3","   3","2005JJ00","     140","       7","      12","       6","       0","      12","      97","       5","       1","       0"
70,"   3","   3","2006JJ00","     137","       7","       3","      14","       0","      15","      92","       6","       0","       0"
71,"   3","   3","2007JJ00","     149","       9","      12","       8","       0","      21","      89","      10","       0","       0"
72,"   3","   3","2008JJ00","     129","       4","       7","       6","       0","      17","      88","       7","       0","       0"
73,"   3","   3","2009JJ00","     134","       7","       8","       7","       0","      23","      82","       7","       0","       0"
74,"   3","   3","2010JJ00","     114","       9","       8","       6","       0","      15","      68","       6","       1","       1"
75,"   3","   3","2011JJ00","      99","       8","       9","       4","       0","      19","      56","       2","       1","       0"
76,"   3","   3","2012JJ00","     106","       8","       5","       6","       0","      11","      69","       5","       2","       0"
77,"   3","   3","2013JJ00","     103","       3","      10","      11","       0","      11","      61","       7","       0","       0"
78,"   3","   3","2014JJ00","      83","       8","       6","       5","       0","      18","      42","       4","       0","       0"
79,"   3","   3","2015JJ00","      87","       6","       8","       8","       0","      13","      47","       4","       0","       1"
80,"   3","   4","1996JJ00","     160","       8","       4","       3","       0","      27","     111","       5","       1","       1"
81,"   3","   4","1997JJ00","     165","       7","      15","       8","       0","      32","      90","       9","       0","       4"
82,"   3","   4","1998JJ00","     161","      13","      11","       6","       0","      23","     103","       5","       0","       0"
83,"   3","   4","1999JJ00","     158","       8","      11","      12","       0","      27","      88","       9","       2","       1"
84,"   3","   4","2000JJ00","     157","      12","      19","       4","       0","      24","      83","      15","       0","       0"
85,"   3","   4","2001JJ00","     177","       5","      18","       5","       0","      39","      91","      16","       1","       2"
86,"   3","   4","2002JJ00","     150","       7","      14","      11","       0","      34","      77","       6","       1","       0"
87,"   3","   4","2003JJ00","     162","      10","      13","      13","       0","      28","      84","      12","       2","       0"
88,"   3","   4","2004JJ00","     103","       6","       8","       1","       0","      22","      61","       5","       0","       0"
89,"   3","   4","2005JJ00","     115","       7","       9","       5","       0","      29","      60","       5","       0","       0"
90,"   3","   4","2006JJ00","      91","       4","       8","       7","       0","      15","      54","       3","       0","       0"
91,"   3","   4","2007JJ00","      95","      11","       5","       4","       0","      13","      52","      10","       0","       0"
92,"   3","   4","2008JJ00","      96","       4","       7","       5","       0","      13","      58","       7","       2","       0"
93,"   3","   4","2009JJ00","      83","       5","       7","       2","       0","      22","      40","       6","       0","       1"
94,"   3","   4","2010JJ00","      69","       6","       5","       3","       0","      11","      41","       3","       0","       0"
95,"   3","   4","2011JJ00","      58","       7","       2","       3","       0","       8","      31","       7","       0","       0"
96,"   3","   4","2012JJ00","      64","       7","       5","       4","       1","      14","      29","       4","       0","       0"
97,"   3","   4","2013JJ00","      38","       5","       4","       3","       0","       4","      21","       1","       0","       0"
98,"   3","   4","2014JJ00","      42","       1","       5","       2","       0","       9","      23","       2","       0","       0"
99,"   3","   4","2015JJ00","      54","       5","       4","       5","       0","       8","      30","       2","       0","       0"
100,"   3","   5","1996JJ00","     134","      12","      14","       4","       0","      14","      80","       7","       1","       2"
101,"   3","   5","1997JJ00","     135","       8","      23","       5","       1","      13","      72","      10","       1","       2"
102,"   3","   5","1998JJ00","     121","      11","      12","       3","       0","      22","      65","       8","       0","       0"
103,"   3","   5","1999JJ00","     118","       9","      18","       5","       0","      10","      70","       4","       1","       1"
104,"   3","   5","2000JJ00","     126","      12","      15","       8","       0","      23","      55","       6","       5","       2"
105,"   3","   5","2001JJ00","     117","      11","      20","       5","       0","      13","      58","       9","       0","       1"
106,"   3","   5","2002JJ00","     125","      11","      16","       6","       0","      23","      61","       8","       0","       0"
107,"   3","   5","2003JJ00","     120","      10","      12","       3","       0","      19","      60","      14","       2","       0"
108,"   3","   5","2004JJ00","     104","      10","      14","       6","       2","      19","      47","       6","       0","       0"
109,"   3","   5","2005JJ00","     102","       5","      16","       5","       1","      21","      42","       7","       4","       1"
110,"   3","   5","2006JJ00","     113","      10","      22","       5","       3","      15","      48","       7","       3","       0"
111,"   3","   5","2007JJ00","      85","       4","      17","       3","       2","      17","      35","       7","       0","       0"
112,"   3","   5","2008JJ00","      89","       9","      15","       4","       1","      19","      30","      10","       0","       1"
113,"   3","   5","2009JJ00","      69","       8","      10","       7","       0","       9","      31","       3","       0","       1"
114,"   3","   5","2010JJ00","      78","       7","      11","       4","       0","      16","      34","       5","       1","       0"
115,"   3","   5","2011JJ00","      73","       4","      14","       7","       0","      12","      30","       5","       1","       0"
116,"   3","   5","2012JJ00","      77","       4","      15","       5","       0","      16","      33","       3","       0","       1"
117,"   3","   5","2013JJ00","      56","       3","      13","       5","       0","       4","      26","       5","       0","       0"
118,"   3","   5","2014JJ00","      58","       6","      16","       7","       0","      14","      12","       3","       0","       0"
119,"   3","   5","2015JJ00","      55","       4","       8","       4","       1","      14","      22","       2","       0","       0"
120,"   3","   6","1996JJ00","     111","      10","      20","       7","       0","      12","      53","       5","       4","       0"
121,"   3","   6","1997JJ00","     116","      21","      23","       4","       1","       7","      55","       2","       0","       3"
122,"   3","   6","1998JJ00","     114","      19","      30","       5","       1","       4","      52","       2","       1","       0"
123,"   3","   6","1999JJ00","     110","      13","      27","       8","       0","       6","      48","       8","       0","       0"
124,"   3","   6","2000JJ00","     121","      10","      23","       6","       0","      13","      60","       8","       1","       0"
125,"   3","   6","2001JJ00","     112","      10","      30","       7","       1","       5","      46","      10","       2","       1"
126,"   3","   6","2002JJ00","      88","       7","      15","       5","       1","       8","      41","      11","       0","       0"
127,"   3","   6","2003JJ00","      98","      10","      25","       4","       1","      10","      37","      11","       0","       0"
128,"   3","   6","2004JJ00","      94","       8","      22","       4","       1","      13","      43","       3","       0","       0"
129,"   3","   6","2005JJ00","      99","      14","      22","       7","       1","      11","      36","       7","       1","       0"
130,"   3","   6","2006JJ00","      80","       8","      22","       3","       1","       7","      29","      10","       0","       0"
131,"   3","   6","2007JJ00","      88","      14","      17","       6","       0","      11","      37","       3","       0","       0"
132,"   3","   6","2008JJ00","      95","       8","      20","       6","       4","      14","      32","      10","       1","       0"
133,"   3","   6","2009JJ00","      68","       5","      19","       3","       1","       9","      25","       5","       1","       0"
134,"   3","   6","2010JJ00","      72","      12","      16","       1","       4","      16","      18","       5","       0","       0"
135,"   3","   6","2011JJ00","      67","       8","      17","       5","       2","      11","      20","       2","       2","       0"
136,"   3","   6","2012JJ00","      70","       8","      12","      11","       1","      10","      25","       3","       0","       0"
137,"   3","   6","2013JJ00","      68","       6","      20","       9","       2","       7","      17","       6","       1","       0"
138,"   3","   6","2014JJ00","      57","       4","      16","       6","       0","       8","      19","       3","       1","       0"
139,"   3","   6","2015JJ00","      73","      14","      13","       7","       3","       5","      23","       8","       0","       0"
140,"   3","   7","1996JJ00","      91","      14","      28","       2","       1","       1","      40","       3","       0","       2"
141,"   3","   7","1997JJ00","      93","      14","      31","       8","       3","       1","      33","       2","       1","       0"
142,"   3","   7","1998JJ00","     110","      11","      46","       3","       1","       1","      45","       1","       0","       2"
143,"   3","   7","1999JJ00","     105","      17","      30","       7","       2","       1","      42","       3","       0","       3"
144,"   3","   7","2000JJ00","      97","      16","      34","       8","       0","       1","      38","       0","       0","       0"
145,"   3","   7","2001JJ00","      93","      11","      28","       7","       1","       2","      40","       4","       0","       0"
146,"   3","   7","2002JJ00","      73","      11","      24","       6","       4","       3","      23","       1","       1","       0"
147,"   3","   7","2003JJ00","     110","      14","      41","       7","       0","       1","      41","       4","       2","       0"
148,"   3","   7","2004JJ00","      72","       3","      24","       5","       5","       2","      31","       1","       1","       0"
149,"   3","   7","2005JJ00","      66","       7","      23","       2","       4","       3","      26","       1","       0","       0"
150,"   3","   7","2006JJ00","      90","       9","      39","       9","       0","       5","      27","       1","       0","       0"
151,"   3","   7","2007JJ00","      71","      13","      19","       6","       1","       1","      25","       4","       1","       1"
152,"   3","   7","2008JJ00","      68","       6","      28","       4","       0","       2","      22","       3","       2","       1"
153,"   3","   7","2009JJ00","      75","       6","      33","       4","       2","       5","      21","       3","       0","       1"
154,"   3","   7","2010JJ00","      66","       5","      23","       9","       5","       2","      17","       4","       1","       0"
155,"   3","   7","2011JJ00","      74","       6","      32","       4","       3","       2","      20","       5","       2","       0"
156,"   3","   7","2012JJ00","      77","       7","      35","       7","       4","       1","      20","       3","       0","       0"
157,"   3","   7","2013JJ00","      55","       5","      28","       6","       3","       1","      11","       1","       0","       0"
158,"   3","   7","2014JJ00","      59","       4","      27","       6","       2","       3","      15","       2","       0","       0"
159,"   3","   7","2015JJ00","      78","       6","      36","       5","       4","       4","      23","       0","       0","       0"
160,"   3","   8","1996JJ00","     161","      29","      70","      11","       1","       2","      42","       0","       2","       4"
161,"   3","   8","1997JJ00","     149","      22","      54","       7","       4","       2","      59","       0","       0","       1"
162,"   3","   8","1998JJ00","     134","      25","      37","       5","       1","       3","      61","       0","       2","       0"
163,"   3","   8","1999JJ00","     144","      25","      40","      14","       4","       0","      58","       2","       0","       1"
164,"   3","   8","2000JJ00","     134","      13","      51","      14","       2","       1","      51","       1","       0","       1"
165,"   3","   8","2001JJ00","     124","      18","      48","      12","       1","       0","      45","       0","       0","       0"
166,"   3","   8","2002JJ00","     109","      19","      38","       6","       2","       1","      40","       1","       2","       0"
167,"   3","   8","2003JJ00","     105","      14","      47","      10","       5","       0","      28","       0","       1","       0"
168,"   3","   8","2004JJ00","     104","      13","      37","      10","       5","       0","      38","       1","       0","       0"
169,"   3","   8","2005JJ00","     110","      17","      44","       8","       5","       1","      34","       0","       0","       1"
170,"   3","   8","2006JJ00","     101","      11","      44","       9","       6","       1","      29","       1","       0","       0"
171,"   3","   8","2007JJ00","      99","      15","      45","       4","       3","       0","      28","       3","       1","       0"
172,"   3","   8","2008JJ00","     101","      11","      47","       6","       5","       0","      31","       0","       1","       0"
173,"   3","   8","2009JJ00","      91","      10","      44","       7","       2","       1","      27","       0","       0","       0"
174,"   3","   8","2010JJ00","      83","      10","      42","       4","       1","       1","      21","       1","       3","       0"
175,"   3","   8","2011JJ00","     100","      14","      46","       5","       9","       0","      25","       1","       0","       0"
176,"   3","   8","2012JJ00","     107","      13","      61","       8","       4","       2","      19","       0","       0","       0"
177,"   3","   8","2013JJ00","      99","      14","      53","       6","       8","       0","      17","       1","       0","       0"
178,"   3","   8","2014JJ00","     106","       5","      56","       6","       6","       2","      31","       0","       0","       0"
179,"   3","   8","2015JJ00","      93","       8","      48","       3","      11","       0","      22","       0","       1","       0"
180,"   3","   9","1996JJ00","     100","      21","      37","       9","       0","       0","      30","       0","       1","       2"
181,"   3","   9","1997JJ00","     106","      31","      40","       8","       3","       0","      24","       0","       0","       0"
182,"   3","   9","1998JJ00","      72","      20","      25","       2","       0","       2","      22","       0","       0","       1"
183,"   3","   9","1999JJ00","      93","      21","      31","       6","       3","       1","      31","       0","       0","       0"
184,"   3","   9","2000JJ00","      78","      19","      29","       6","       4","       0","      19","       0","       0","       1"
185,"   3","   9","2001JJ00","      88","      28","      29","       4","       4","       0","      21","       1","       0","       1"
186,"   3","   9","2002JJ00","     111","      21","      31","      13","       5","       0","      40","       0","       1","       0"
187,"   3","   9","2003JJ00","     100","      22","      36","       9","       6","       0","      26","       1","       0","       0"
188,"   3","   9","2004JJ00","     101","      20","      29","       4","      14","       0","      34","       0","       0","       0"
189,"   3","   9","2005JJ00","      83","      19","      29","       7","       5","       0","      21","       1","       0","       1"
190,"   3","   9","2006JJ00","      98","      15","      45","       4","      11","       0","      22","       0","       1","       0"
191,"   3","   9","2007JJ00","      89","      12","      43","       8","       7","       0","      17","       2","       0","       0"
192,"   3","   9","2008JJ00","      81","      13","      32","       5","      11","       0","      19","       1","       0","       0"
193,"   3","   9","2009JJ00","     107","      15","      38","      11","       7","       0","      33","       1","       0","       2"
194,"   3","   9","2010JJ00","      94","      18","      38","       6","       9","       0","      23","       0","       0","       0"
195,"   3","   9","2011JJ00","     126","      20","      59","       4","      15","       0","      28","       0","       0","       0"
196,"   3","   9","2012JJ00","      95","      12","      46","       5","      13","       0","      19","       0","       0","       0"
197,"   3","   9","2013JJ00","     101","      15","      43","       5","      19","       0","      19","       0","       0","       0"
198,"   3","   9","2014JJ00","     103","      15","      38","       5","      19","       0","      24","       1","       1","       0"
199,"   3","   9","2015JJ00","     119","      10","      51","       5","      22","       0","      31","       0","       0","       0"
200,"   1","  99","1996JJ00","     894","      67","     150","      80","       2","      86","     449","      25","      22","      13"
201,"   1","  99","1997JJ00","     877","      73","     162","      68","       7","      86","     432","      32","       5","      12"
202,"   1","  99","1998JJ00","     829","      77","     140","      66","       1","      79","     440","      20","       4","       2"
203,"   1","  99","1999JJ00","     873","      90","     159","      75","       3","      76","     427","      37","       3","       3"
204,"   1","  99","2000JJ00","     861","      80","     148","      85","       3","      88","     397","      51","       6","       3"
205,"   1","  99","2001JJ00","     816","      77","     152","      70","       4","      80","     371","      54","       4","       4"
206,"   1","  99","2002JJ00","     790","      61","     132","      75","      12","      94","     372","      40","       4","       0"
207,"   1","  99","2003JJ00","     804","      65","     141","      69","      10","      91","     372","      48","       8","       0"
208,"   1","  99","2004JJ00","     630","      52","     110","      48","      21","      83","     296","      17","       3","       0"
209,"   1","  99","2005JJ00","     594","      53","     105","      54","      14","      75","     260","      24","       6","       3"
210,"   1","  99","2006JJ00","     576","      46","     130","      59","      14","      54","     242","      26","       5","       0"
211,"   1","  99","2007JJ00","     574","      56","     120","      57","       9","      62","     228","      38","       4","       0"
212,"   1","  99","2008JJ00","     552","      31","     113","      47","      16","      64","     236","      38","       5","       2"
213,"   1","  99","2009JJ00","     524","      34","     129","      40","       9","      65","     216","      26","       1","       4"
214,"   1","  99","2010JJ00","     475","      41","     110","      33","      13","      56","     191","      24","       6","       1"
215,"   1","  99","2011JJ00","     477","      46","     141","      35","      17","      52","     159","      21","       5","       1"
216,"   1","  99","2012JJ00","     479","      44","     137","      42","      19","      51","     165","      18","       2","       1"
217,"   1","  99","2013JJ00","     419","      33","     120","      37","      27","      29","     150","      22","       1","       0"
218,"   1","  99","2014JJ00","     411","      34","     123","      37","      21","      53","     124","      14","       3","       2"
219,"   1","  99","2015JJ00","     458","      36","     115","      36","      36","      46","     167","      19","       2","       1"
220,"   1","   1","1996JJ00","      41","       8","      16","       2","       0","       0","      10","       0","       2","       3"
221,"   1","   1","1997JJ00","      35","       8","      20","       1","       0","       0","       4","       1","       1","       0"
222,"   1","   1","1998JJ00","      30","       5","      14","       0","       0","       0","      11","       0","       0","       0"
223,"   1","   1","1999JJ00","      55","      16","      26","       1","       0","       1","      11","       0","       0","       0"
224,"   1","   1","2000JJ00","      37","       9","      17","       2","       0","       0","       6","       3","       0","       0"
225,"   1","   1","2001JJ00","      36","      12","      14","       1","       0","       1","       8","       0","       0","       0"
226,"   1","   1","2002JJ00","      28","      10","      14","       0","       0","       1","       3","       0","       0","       0"
227,"   1","   1","2003JJ00","      40","      14","      10","       2","       0","       0","      11","       2","       1","       0"
228,"   1","   1","2004JJ00","      14","       5","       6","       0","       1","       0","       2","       0","       0","       0"
229,"   1","   1","2005JJ00","      14","       5","       6","       0","       0","       0","       3","       0","       0","       0"
230,"   1","   1","2006JJ00","      17","       4","      10","       0","       0","       0","       3","       0","       0","       0"
231,"   1","   1","2007JJ00","      18","       6","       6","       3","       0","       0","       1","       1","       1","       0"
232,"   1","   1","2008JJ00","      14","       1","       8","       0","       0","       0","       4","       1","       0","       0"
233,"   1","   1","2009JJ00","      13","       4","       9","       0","       0","       0","       0","       0","       0","       0"
234,"   1","   1","2010JJ00","       8","       1","       4","       0","       0","       0","       3","       0","       0","       0"
235,"   1","   1","2011JJ00","      14","       1","       7","       1","       0","       0","       4","       0","       0","       1"
236,"   1","   1","2012JJ00","      17","       5","       7","       0","       0","       0","       4","       1","       0","       0"
237,"   1","   1","2013JJ00","       6","       4","       2","       0","       0","       0","       0","       0","       0","       0"
238,"   1","   1","2014JJ00","      13","       2","       8","       0","       0","       0","       3","       0","       0","       0"
239,"   1","   1","2015JJ00","      14","       3","       7","       2","       0","       0","       2","       0","       0","       0"
240,"   1","   2","1996JJ00","      96","       4","      16","      40","       0","       4","      28","       1","       2","       1"
241,"   1","   2","1997JJ00","      87","       4","      15","      31","       0","       3","      31","       1","       2","       0"
242,"   1","   2","1998JJ00","      95","       6","      11","      40","       0","       1","      34","       2","       1","       0"
243,"   1","   2","1999JJ00","      86","       2","      15","      25","       0","       2","      40","       2","       0","       0"
244,"   1","   2","2000JJ00","     104","       4","      15","      35","       0","       7","      34","       8","       1","       0"
245,"   1","   2","2001JJ00","      82","       6","      12","      22","       0","       2","      39","       1","       0","       0"
246,"   1","   2","2002JJ00","      99","       2","      11","      32","       0","       2","      48","       4","       0","       0"
247,"   1","   2","2003JJ00","      81","       3","       9","      23","       0","       2","      39","       5","       0","       0"
248,"   1","   2","2004JJ00","      63","       2","       9","      16","       0","       2","      33","       0","       1","       0"
249,"   1","   2","2005JJ00","      53","       3","       4","      21","       0","       1","      24","       0","       0","       0"
250,"   1","   2","2006JJ00","      53","       0","      11","      15","       0","       1","      23","       1","       2","       0"
251,"   1","   2","2007JJ00","      58","       3","       8","      21","       0","       2","      21","       2","       1","       0"
252,"   1","   2","2008JJ00","      46","       2","       3","      14","       0","       2","      25","       0","       0","       0"
253,"   1","   2","2009JJ00","      46","       2","       8","       7","       0","       1","      25","       3","       0","       0"
254,"   1","   2","2010JJ00","      37","       0","       7","       8","       0","       2","      17","       2","       1","       0"
255,"   1","   2","2011JJ00","      30","       2","       7","       9","       0","       0","      11","       0","       1","       0"
256,"   1","   2","2012JJ00","      20","       3","       5","       4","       0","       0","       7","       0","       1","       0"
257,"   1","   2","2013JJ00","      31","       0","       5","       5","       0","       2","      18","       1","       0","       0"
258,"   1","   2","2014JJ00","      32","       3","       3","       8","       0","       0","      15","       0","       1","       2"
259,"   1","   2","2015JJ00","      32","       1","       2","       4","       0","       3","      18","       3","       1","       0"
260,"   1","   3","1996JJ00","     242","      12","       5","      10","       0","      30","     166","       5","      13","       1"
261,"   1","   3","1997JJ00","     230","       5","      10","       5","       0","      34","     164","       9","       0","       3"
262,"   1","   3","1998JJ00","     217","      11","       5","       8","       0","      27","     162","       3","       1","       0"
263,"   1","   3","1999JJ00","     211","       7","       8","       8","       1","      30","     145","      10","       1","       1"
264,"   1","   3","2000JJ00","     212","      15","       8","      11","       0","      24","     140","      14","       0","       0"
265,"   1","   3","2001JJ00","     179","       7","      10","      11","       0","      21","     110","      18","       1","       1"
266,"   1","   3","2002JJ00","     191","      11","      10","       9","       0","      26","     121","      13","       1","       0"
267,"   1","   3","2003JJ00","     172","       4","       5","       5","       0","      34","     116","       8","       0","       0"
268,"   1","   3","2004JJ00","     146","       7","       6","       6","       1","      29","      92","       4","       1","       0"
269,"   1","   3","2005JJ00","     112","       5","       6","       6","       0","      12","      77","       5","       1","       0"
270,"   1","   3","2006JJ00","     122","       7","       2","      14","       0","      13","      80","       6","       0","       0"
271,"   1","   3","2007JJ00","     122","       4","       6","       7","       0","      21","      75","       9","       0","       0"
272,"   1","   3","2008JJ00","     106","       3","       4","       6","       0","      17","      69","       7","       0","       0"
273,"   1","   3","2009JJ00","     108","       5","       3","       7","       0","      22","      66","       5","       0","       0"
274,"   1","   3","2010JJ00","      94","       8","       4","       6","       0","      13","      56","       6","       0","       1"
275,"   1","   3","2011JJ00","      84","       7","       5","       3","       0","      19","      47","       2","       1","       0"
276,"   1","   3","2012JJ00","      88","       6","       5","       5","       0","      10","      57","       4","       1","       0"
277,"   1","   3","2013JJ00","      94","       3","       9","       8","       0","      11","      56","       7","       0","       0"
278,"   1","   3","2014JJ00","      64","       5","       2","       4","       0","      17","      32","       4","       0","       0"
279,"   1","   3","2015JJ00","      72","       3","       5","       8","       0","      13","      38","       4","       0","       1"
280,"   1","   4","1996JJ00","     126","       6","       2","       2","       0","      25","      85","       5","       0","       1"
281,"   1","   4","1997JJ00","     138","       5","      11","       6","       0","      30","      74","       9","       0","       3"
282,"   1","   4","1998JJ00","     131","       9","       8","       6","       0","      21","      83","       4","       0","       0"
283,"   1","   4","1999JJ00","     127","       6","       9","       9","       0","      26","      65","       9","       2","       1"
284,"   1","   4","2000JJ00","     127","      10","      12","       3","       0","      22","      67","      13","       0","       0"
285,"   1","   4","2001JJ00","     145","       4","      11","       5","       0","      38","      71","      14","       1","       1"
286,"   1","   4","2002JJ00","     132","       6","      12","      11","       0","      32","      64","       6","       1","       0"
287,"   1","   4","2003JJ00","     134","       5","       9","      12","       0","      27","      71","       8","       2","       0"
288,"   1","   4","2004JJ00","      78","       5","       4","       1","       0","      21","      43","       4","       0","       0"
289,"   1","   4","2005JJ00","      94","       7","       3","       2","       0","      28","      49","       5","       0","       0"
290,"   1","   4","2006JJ00","      71","       3","       8","       5","       0","      15","      38","       2","       0","       0"
291,"   1","   4","2007JJ00","      72","       6","       2","       4","       0","      11","      40","       9","       0","       0"
292,"   1","   4","2008JJ00","      84","       3","       5","       5","       0","      13","      50","       7","       1","       0"
293,"   1","   4","2009JJ00","      71","       3","       5","       2","       0","      19","      35","       6","       0","       1"
294,"   1","   4","2010JJ00","      59","       5","       4","       2","       0","      11","      34","       3","       0","       0"
295,"   1","   4","2011JJ00","      46","       6","       1","       2","       0","       8","      23","       6","       0","       0"
296,"   1","   4","2012JJ00","      56","       7","       4","       4","       1","      13","      23","       4","       0","       0"
297,"   1","   4","2013JJ00","      28","       4","       3","       1","       0","       4","      15","       1","       0","       0"
298,"   1","   4","2014JJ00","      33","       1","       4","       2","       0","       9","      15","       2","       0","       0"
299,"   1","   4","2015JJ00","      46","       4","       4","       4","       0","       7","      25","       2","       0","       0"
300,"   1","   5","1996JJ00","      96","       7","       9","       3","       0","      13","      54","       7","       1","       2"
301,"   1","   5","1997JJ00","      97","       3","      14","       3","       1","      11","      54","       8","       1","       2"
302,"   1","   5","1998JJ00","      92","       9","      10","       1","       0","      20","      44","       8","       0","       0"
303,"   1","   5","1999JJ00","      91","       7","      14","       5","       0","       9","      52","       3","       0","       1"
304,"   1","   5","2000JJ00","      96","       6","      11","       8","       0","      20","      39","       6","       4","       2"
305,"   1","   5","2001JJ00","      90","       8","      13","       4","       0","      11","      44","       9","       0","       1"
306,"   1","   5","2002JJ00","     100","       9","      11","       2","       0","      22","      49","       7","       0","       0"
307,"   1","   5","2003JJ00","     101","       9","      10","       2","       0","      19","      46","      13","       2","       0"
308,"   1","   5","2004JJ00","      81","       7","      11","       5","       1","      18","      34","       5","       0","       0"
309,"   1","   5","2005JJ00","      80","       4","       7","       4","       1","      20","      32","       7","       4","       1"
310,"   1","   5","2006JJ00","      73","       7","      10","       5","       2","      13","      28","       6","       2","       0"
311,"   1","   5","2007JJ00","      66","       4","      13","       2","       2","      17","      22","       6","       0","       0"
312,"   1","   5","2008JJ00","      72","       5","      12","       3","       1","      18","      22","      10","       0","       1"
313,"   1","   5","2009JJ00","      53","       4","       9","       6","       0","       9","      21","       3","       0","       1"
314,"   1","   5","2010JJ00","      61","       6","       7","       3","       0","      14","      25","       5","       1","       0"
315,"   1","   5","2011JJ00","      56","       3","       8","       5","       0","      12","      23","       5","       0","       0"
316,"   1","   5","2012JJ00","      60","       3","      12","       4","       0","      15","      22","       3","       0","       1"
317,"   1","   5","2013JJ00","      46","       3","      10","       5","       0","       4","      19","       5","       0","       0"
318,"   1","   5","2014JJ00","      47","       5","      14","       5","       0","      14","       7","       2","       0","       0"
319,"   1","   5","2015JJ00","      46","       3","       5","       4","       1","      14","      17","       2","       0","       0"
320,"   1","   6","1996JJ00","      79","       6","      11","       5","       0","      12","      38","       4","       3","       0"
321,"   1","   6","1997JJ00","      86","      13","      17","       3","       1","       6","      41","       2","       0","       3"
322,"   1","   6","1998JJ00","      75","      11","      23","       3","       0","       4","      32","       2","       0","       0"
323,"   1","   6","1999JJ00","      82","      11","      19","       6","       0","       6","      32","       8","       0","       0"
324,"   1","   6","2000JJ00","      88","       9","      13","       3","       0","      13","      43","       6","       1","       0"
325,"   1","   6","2001JJ00","      88","       7","      22","       6","       0","       5","      37","       8","       2","       1"
326,"   1","   6","2002JJ00","      54","       2","       9","       4","       1","       7","      23","       8","       0","       0"
327,"   1","   6","2003JJ00","      74","       7","      17","       4","       1","       8","      29","       8","       0","       0"
328,"   1","   6","2004JJ00","      69","       5","      11","       4","       1","      11","      34","       3","       0","       0"
329,"   1","   6","2005JJ00","      73","       9","      15","       4","       1","      11","      26","       6","       1","       0"
330,"   1","   6","2006JJ00","      51","       6","      10","       2","       0","       6","      18","       9","       0","       0"
331,"   1","   6","2007JJ00","      69","      12","      12","       4","       0","      10","      28","       3","       0","       0"
332,"   1","   6","2008JJ00","      73","       6","      14","       5","       2","      12","      24","       9","       1","       0"
333,"   1","   6","2009JJ00","      50","       4","      12","       1","       1","       8","      18","       5","       1","       0"
334,"   1","   6","2010JJ00","      51","       6","      12","       0","       3","      13","      13","       4","       0","       0"
335,"   1","   6","2011JJ00","      51","       5","      12","       4","       1","      11","      14","       2","       2","       0"
336,"   1","   6","2012JJ00","      58","       7","      10","       9","       1","      10","      18","       3","       0","       0"
337,"   1","   6","2013JJ00","      50","       4","      11","       6","       1","       7","      14","       6","       1","       0"
338,"   1","   6","2014JJ00","      45","       4","      10","       5","       0","       8","      14","       3","       1","       0"
339,"   1","   6","2015JJ00","      53","      10","       8","       3","       3","       5","      16","       8","       0","       0"
340,"   1","   7","1996JJ00","      66","       8","      19","       2","       1","       1","      30","       3","       0","       2"
341,"   1","   7","1997JJ00","      58","      10","      15","       6","       1","       1","      22","       2","       1","       0"
342,"   1","   7","1998JJ00","      64","       3","      25","       3","       0","       1","      29","       1","       0","       2"
343,"   1","   7","1999JJ00","      70","      12","      19","       4","       1","       1","      30","       3","       0","       0"
344,"   1","   7","2000JJ00","      63","      10","      22","       7","       0","       1","      23","       0","       0","       0"
345,"   1","   7","2001JJ00","      58","       8","      15","       5","       1","       2","      24","       3","       0","       0"
346,"   1","   7","2002JJ00","      45","       4","      14","       2","       4","       3","      16","       1","       1","       0"
347,"   1","   7","2003JJ00","      71","       9","      25","       5","       0","       1","      26","       3","       2","       0"
348,"   1","   7","2004JJ00","      42","       2","      13","       4","       2","       2","      17","       1","       1","       0"
349,"   1","   7","2005JJ00","      44","       5","      13","       2","       4","       3","      16","       1","       0","       0"
350,"   1","   7","2006JJ00","      59","       5","      24","       6","       0","       5","      18","       1","       0","       0"
351,"   1","   7","2007JJ00","      44","       7","      11","       4","       1","       1","      16","       3","       1","       0"
352,"   1","   7","2008JJ00","      47","       2","      17","       3","       0","       2","      17","       3","       2","       1"
353,"   1","   7","2009JJ00","      52","       3","      25","       2","       1","       5","      12","       3","       0","       1"
354,"   1","   7","2010JJ00","      45","       2","      15","       9","       2","       2","      11","       3","       1","       0"
355,"   1","   7","2011JJ00","      56","       5","      25","       3","       3","       2","      12","       5","       1","       0"
356,"   1","   7","2012JJ00","      52","       4","      25","       5","       3","       1","      11","       3","       0","       0"
357,"   1","   7","2013JJ00","      34","       3","      15","       5","       2","       1","       7","       1","       0","       0"
358,"   1","   7","2014JJ00","      46","       2","      20","       6","       1","       3","      12","       2","       0","       0"
359,"   1","   7","2015JJ00","      51","       4","      18","       4","       3","       4","      18","       0","       0","       0"
360,"   1","   8","1996JJ00","      89","       9","      45","       9","       1","       1","      21","       0","       1","       2"
361,"   1","   8","1997JJ00","      81","      11","      32","       6","       3","       1","      27","       0","       0","       1"
362,"   1","   8","1998JJ00","      82","      12","      26","       3","       1","       3","      35","       0","       2","       0"
363,"   1","   8","1999JJ00","      89","      17","      26","      11","       0","       0","      33","       2","       0","       0"
364,"   1","   8","2000JJ00","      80","       6","      26","      11","       1","       1","      34","       1","       0","       0"
365,"   1","   8","2001JJ00","      79","       9","      31","      12","       0","       0","      27","       0","       0","       0"
366,"   1","   8","2002JJ00","      68","       5","      29","       4","       2","       1","      25","       1","       1","       0"
367,"   1","   8","2003JJ00","      64","       7","      28","       8","       4","       0","      16","       0","       1","       0"
368,"   1","   8","2004JJ00","      68","      10","      26","       8","       5","       0","      19","       0","       0","       0"
369,"   1","   8","2005JJ00","      69","       5","      31","       8","       5","       0","      19","       0","       0","       1"
370,"   1","   8","2006JJ00","      65","       6","      28","       8","       4","       1","      17","       1","       0","       0"
371,"   1","   8","2007JJ00","      62","       9","      29","       4","       1","       0","      15","       3","       1","       0"
372,"   1","   8","2008JJ00","      60","       6","      28","       6","       3","       0","      16","       0","       1","       0"
373,"   1","   8","2009JJ00","      61","       5","      32","       4","       2","       1","      17","       0","       0","       0"
374,"   1","   8","2010JJ00","      53","       5","      25","       2","       0","       1","      16","       1","       3","       0"
375,"   1","   8","2011JJ00","      58","       7","      30","       5","       4","       0","      11","       1","       0","       0"
376,"   1","   8","2012JJ00","      59","       6","      30","       7","       3","       2","      11","       0","       0","       0"
377,"   1","   8","2013JJ00","      63","       5","      37","       3","       8","       0","       9","       1","       0","       0"
378,"   1","   8","2014JJ00","      64","       4","      34","       3","       6","       2","      15","       0","       0","       0"
379,"   1","   8","2015JJ00","      55","       2","      27","       3","       9","       0","      13","       0","       1","       0"
380,"   1","   9","1996JJ00","      59","       7","      27","       7","       0","       0","      17","       0","       0","       1"
381,"   1","   9","1997JJ00","      65","      14","      28","       7","       1","       0","      15","       0","       0","       0"
382,"   1","   9","1998JJ00","      43","      11","      18","       2","       0","       2","      10","       0","       0","       0"
383,"   1","   9","1999JJ00","      62","      12","      23","       6","       1","       1","      19","       0","       0","       0"
384,"   1","   9","2000JJ00","      54","      11","      24","       5","       2","       0","      11","       0","       0","       1"
385,"   1","   9","2001JJ00","      59","      16","      24","       4","       3","       0","      11","       1","       0","       0"
386,"   1","   9","2002JJ00","      73","      12","      22","      11","       5","       0","      23","       0","       0","       0"
387,"   1","   9","2003JJ00","      67","       7","      28","       8","       5","       0","      18","       1","       0","       0"
388,"   1","   9","2004JJ00","      69","       9","      24","       4","      10","       0","      22","       0","       0","       0"
389,"   1","   9","2005JJ00","      55","      10","      20","       7","       3","       0","      14","       0","       0","       1"
390,"   1","   9","2006JJ00","      65","       8","      27","       4","       8","       0","      17","       0","       1","       0"
391,"   1","   9","2007JJ00","      63","       5","      33","       8","       5","       0","      10","       2","       0","       0"
392,"   1","   9","2008JJ00","      50","       3","      22","       5","      10","       0","       9","       1","       0","       0"
393,"   1","   9","2009JJ00","      70","       4","      26","      11","       5","       0","      22","       1","       0","       1"
394,"   1","   9","2010JJ00","      67","       8","      32","       3","       8","       0","      16","       0","       0","       0"
395,"   1","   9","2011JJ00","      82","      10","      46","       3","       9","       0","      14","       0","       0","       0"
396,"   1","   9","2012JJ00","      69","       3","      39","       4","      11","       0","      12","       0","       0","       0"
397,"   1","   9","2013JJ00","      67","       7","      28","       4","      16","       0","      12","       0","       0","       0"
398,"   1","   9","2014JJ00","      67","       8","      28","       4","      14","       0","      11","       1","       1","       0"
399,"   1","   9","2015JJ00","      89","       6","      39","       4","      20","       0","      20","       0","       0","       0"
400,"   2","  99","1996JJ00","     357","      65","      89","      20","       0","       8","     160","       2","       9","       4"
401,"   2","  99","1997JJ00","     358","      59","     102","      18","       5","      12","     159","       2","       0","       1"
402,"   2","  99","1998JJ00","     320","      56","      72","      16","       2","       6","     163","       1","       3","       1"
403,"   2","  99","1999JJ00","     313","      40","      68","      21","       7","       7","     160","       4","       1","       5"
404,"   2","  99","2000JJ00","     305","      34","      85","      19","       3","       7","     146","       7","       3","       1"
405,"   2","  99","2001JJ00","     267","      38","      73","       8","       3","       5","     133","       5","       0","       2"
406,"   2","  99","2002JJ00","     276","      47","      63","      18","       0","       8","     131","       7","       2","       0"
407,"   2","  99","2003JJ00","     284","      42","      78","      18","       2","       5","     124","      13","       2","       0"
408,"   2","  99","2004JJ00","     251","      25","      70","      10","       8","       8","     124","       5","       1","       0"
409,"   2","  99","2005JJ00","     223","      36","      76","       8","       2","       3","      96","       2","       0","       0"
410,"   2","  99","2006JJ00","     235","      27","      86","       7","       7","       5","      98","       4","       1","       0"
411,"   2","  99","2007JJ00","     217","      35","      69","      10","       4","       3","      89","       5","       1","       1"
412,"   2","  99","2008JJ00","     198","      31","      68","       7","       6","       3","      81","       1","       1","       0"
413,"   2","  99","2009JJ00","     196","      34","      56","      15","       3","       5","      80","       2","       0","       1"
414,"   2","  99","2010JJ00","     165","      31","      52","      10","       6","       7","      55","       3","       1","       0"
415,"   2","  99","2011JJ00","     184","      28","      59","      10","      12","       0","      72","       1","       2","       0"
416,"   2","  99","2012JJ00","     171","      24","      63","       8","       4","       3","      67","       1","       1","       0"
417,"   2","  99","2013JJ00","     151","      23","      64","      16","       5","       0","      43","       0","       0","       0"
418,"   2","  99","2014JJ00","     159","      15","      62","      10","       6","       2","      63","       1","       0","       0"
419,"   2","  99","2015JJ00","     163","      21","      70","       9","       5","       1","      57","       0","       0","       0"
420,"   2","   1","1996JJ00","      27","       4","      14","       2","       0","       0","       6","       0","       1","       0"
421,"   2","   1","1997JJ00","      33","       8","      15","       0","       0","       0","      10","       0","       0","       0"
422,"   2","   1","1998JJ00","      19","       5","       8","       0","       0","       0","       6","       0","       0","       0"
423,"   2","   1","1999JJ00","      28","       4","      12","       0","       0","       1","      10","       1","       0","       0"
424,"   2","   1","2000JJ00","      22","       2","      13","       0","       0","       0","       6","       1","       0","       0"
425,"   2","   1","2001JJ00","      14","       2","       5","       0","       0","       0","       7","       0","       0","       0"
426,"   2","   1","2002JJ00","      13","       6","       6","       0","       0","       0","       1","       0","       0","       0"
427,"   2","   1","2003JJ00","      24","       3","      11","       0","       0","       0","       7","       1","       2","       0"
428,"   2","   1","2004JJ00","      22","       1","      16","       0","       0","       1","       3","       0","       1","       0"
429,"   2","   1","2005JJ00","      17","       4","       8","       0","       0","       0","       5","       0","       0","       0"
430,"   2","   1","2006JJ00","      20","       3","       7","       0","       0","       0","      10","       0","       0","       0"
431,"   2","   1","2007JJ00","      18","       2","      10","       0","       0","       0","       5","       0","       1","       0"
432,"   2","   1","2008JJ00","      11","       2","       5","       0","       1","       0","       3","       0","       0","       0"
433,"   2","   1","2009JJ00","      11","       3","       7","       0","       0","       0","       1","       0","       0","       0"
434,"   2","   1","2010JJ00","      10","       3","       5","       0","       0","       0","       2","       0","       0","       0"
435,"   2","   1","2011JJ00","       5","       2","       3","       0","       0","       0","       0","       0","       0","       0"
436,"   2","   1","2012JJ00","       8","       0","       6","       0","       0","       0","       2","       0","       0","       0"
437,"   2","   1","2013JJ00","       3","       0","       3","       0","       0","       0","       0","       0","       0","       0"
438,"   2","   1","2014JJ00","       6","       1","       5","       0","       0","       0","       0","       0","       0","       0"
439,"   2","   1","2015JJ00","       4","       0","       2","       0","       0","       0","       2","       0","       0","       0"
440,"   2","   2","1996JJ00","      34","       7","      10","       7","       0","       1","       8","       0","       1","       0"
441,"   2","   2","1997JJ00","      33","       1","      12","       8","       0","       2","      10","       0","       0","       0"
442,"   2","   2","1998JJ00","      31","       2","       8","       8","       0","       1","      12","       0","       0","       0"
443,"   2","   2","1999JJ00","      34","       3","       7","      10","       0","       0","      13","       0","       0","       1"
444,"   2","   2","2000JJ00","      34","       2","       5","       8","       0","       0","      18","       0","       1","       0"
445,"   2","   2","2001JJ00","      22","       5","       6","       3","       0","       1","       7","       0","       0","       0"
446,"   2","   2","2002JJ00","      39","       3","      10","       5","       0","       2","      18","       1","       0","       0"
447,"   2","   2","2003JJ00","      34","       1","       6","       6","       0","       0","      20","       1","       0","       0"
448,"   2","   2","2004JJ00","      22","       1","       2","       5","       0","       1","      11","       2","       0","       0"
449,"   2","   2","2005JJ00","      18","       1","       8","       1","       0","       0","       8","       0","       0","       0"
450,"   2","   2","2006JJ00","      11","       2","       5","       0","       0","       0","       3","       1","       0","       0"
451,"   2","   2","2007JJ00","      21","       2","       7","       4","       0","       0","       7","       1","       0","       0"
452,"   2","   2","2008JJ00","      20","       2","       9","       4","       0","       0","       5","       0","       0","       0"
453,"   2","   2","2009JJ00","      23","       3","       2","       7","       0","       0","      11","       0","       0","       0"
454,"   2","   2","2010JJ00","       9","       1","       3","       2","       0","       0","       2","       1","       0","       0"
455,"   2","   2","2011JJ00","      15","       2","       4","       3","       0","       0","       6","       0","       0","       0"
456,"   2","   2","2012JJ00","       9","       1","       3","       0","       0","       0","       5","       0","       0","       0"
457,"   2","   2","2013JJ00","      10","       1","       3","       3","       0","       0","       3","       0","       0","       0"
458,"   2","   2","2014JJ00","      11","       0","       5","       2","       0","       1","       3","       0","       0","       0"
459,"   2","   2","2015JJ00","      12","       0","       6","       2","       0","       0","       4","       0","       0","       0"
460,"   2","   3","1996JJ00","      54","       3","       5","       3","       0","       3","      35","       1","       3","       1"
461,"   2","   3","1997JJ00","      53","       3","       6","       1","       0","       4","      39","       0","       0","       0"
462,"   2","   3","1998JJ00","      45","       5","       5","       2","       0","       1","      30","       0","       2","       0"
463,"   2","   3","1999JJ00","      44","       5","       2","       0","       0","       4","      31","       2","       0","       0"
464,"   2","   3","2000JJ00","      44","       0","       4","       2","       0","       2","      33","       2","       1","       0"
465,"   2","   3","2001JJ00","      39","       0","       5","       1","       0","       1","      32","       0","       0","       0"
466,"   2","   3","2002JJ00","      40","       0","       6","       0","       0","       2","      30","       2","       0","       0"
467,"   2","   3","2003JJ00","      42","       2","       4","       5","       0","       2","      27","       2","       0","       0"
468,"   2","   3","2004JJ00","      36","       1","       7","       1","       0","       2","      25","       0","       0","       0"
469,"   2","   3","2005JJ00","      28","       2","       6","       0","       0","       0","      20","       0","       0","       0"
470,"   2","   3","2006JJ00","      15","       0","       1","       0","       0","       2","      12","       0","       0","       0"
471,"   2","   3","2007JJ00","      27","       5","       6","       1","       0","       0","      14","       1","       0","       0"
472,"   2","   3","2008JJ00","      23","       1","       3","       0","       0","       0","      19","       0","       0","       0"
473,"   2","   3","2009JJ00","      26","       2","       5","       0","       0","       1","      16","       2","       0","       0"
474,"   2","   3","2010JJ00","      20","       1","       4","       0","       0","       2","      12","       0","       1","       0"
475,"   2","   3","2011JJ00","      15","       1","       4","       1","       0","       0","       9","       0","       0","       0"
476,"   2","   3","2012JJ00","      18","       2","       0","       1","       0","       1","      12","       1","       1","       0"
477,"   2","   3","2013JJ00","       9","       0","       1","       3","       0","       0","       5","       0","       0","       0"
478,"   2","   3","2014JJ00","      19","       3","       4","       1","       0","       1","      10","       0","       0","       0"
479,"   2","   3","2015JJ00","      15","       3","       3","       0","       0","       0","       9","       0","       0","       0"
480,"   2","   4","1996JJ00","      34","       2","       2","       1","       0","       2","      26","       0","       1","       0"
481,"   2","   4","1997JJ00","      27","       2","       4","       2","       0","       2","      16","       0","       0","       1"
482,"   2","   4","1998JJ00","      30","       4","       3","       0","       0","       2","      20","       1","       0","       0"
483,"   2","   4","1999JJ00","      31","       2","       2","       3","       0","       1","      23","       0","       0","       0"
484,"   2","   4","2000JJ00","      30","       2","       7","       1","       0","       2","      16","       2","       0","       0"
485,"   2","   4","2001JJ00","      32","       1","       7","       0","       0","       1","      20","       2","       0","       1"
486,"   2","   4","2002JJ00","      18","       1","       2","       0","       0","       2","      13","       0","       0","       0"
487,"   2","   4","2003JJ00","      28","       5","       4","       1","       0","       1","      13","       4","       0","       0"
488,"   2","   4","2004JJ00","      25","       1","       4","       0","       0","       1","      18","       1","       0","       0"
489,"   2","   4","2005JJ00","      21","       0","       6","       3","       0","       1","      11","       0","       0","       0"
490,"   2","   4","2006JJ00","      20","       1","       0","       2","       0","       0","      16","       1","       0","       0"
491,"   2","   4","2007JJ00","      23","       5","       3","       0","       0","       2","      12","       1","       0","       0"
492,"   2","   4","2008JJ00","      12","       1","       2","       0","       0","       0","       8","       0","       1","       0"
493,"   2","   4","2009JJ00","      12","       2","       2","       0","       0","       3","       5","       0","       0","       0"
494,"   2","   4","2010JJ00","      10","       1","       1","       1","       0","       0","       7","       0","       0","       0"
495,"   2","   4","2011JJ00","      12","       1","       1","       1","       0","       0","       8","       1","       0","       0"
496,"   2","   4","2012JJ00","       8","       0","       1","       0","       0","       1","       6","       0","       0","       0"
497,"   2","   4","2013JJ00","      10","       1","       1","       2","       0","       0","       6","       0","       0","       0"
498,"   2","   4","2014JJ00","       9","       0","       1","       0","       0","       0","       8","       0","       0","       0"
499,"   2","   4","2015JJ00","       8","       1","       0","       1","       0","       1","       5","       0","       0","       0"
500,"   2","   5","1996JJ00","      38","       5","       5","       1","       0","       1","      26","       0","       0","       0"
501,"   2","   5","1997JJ00","      38","       5","       9","       2","       0","       2","      18","       2","       0","       0"
502,"   2","   5","1998JJ00","      29","       2","       2","       2","       0","       2","      21","       0","       0","       0"
503,"   2","   5","1999JJ00","      27","       2","       4","       0","       0","       1","      18","       1","       1","       0"
504,"   2","   5","2000JJ00","      30","       6","       4","       0","       0","       3","      16","       0","       1","       0"
505,"   2","   5","2001JJ00","      27","       3","       7","       1","       0","       2","      14","       0","       0","       0"
506,"   2","   5","2002JJ00","      25","       2","       5","       4","       0","       1","      12","       1","       0","       0"
507,"   2","   5","2003JJ00","      19","       1","       2","       1","       0","       0","      14","       1","       0","       0"
508,"   2","   5","2004JJ00","      23","       3","       3","       1","       1","       1","      13","       1","       0","       0"
509,"   2","   5","2005JJ00","      22","       1","       9","       1","       0","       1","      10","       0","       0","       0"
510,"   2","   5","2006JJ00","      40","       3","      12","       0","       1","       2","      20","       1","       1","       0"
511,"   2","   5","2007JJ00","      19","       0","       4","       1","       0","       0","      13","       1","       0","       0"
512,"   2","   5","2008JJ00","      17","       4","       3","       1","       0","       1","       8","       0","       0","       0"
513,"   2","   5","2009JJ00","      16","       4","       1","       1","       0","       0","      10","       0","       0","       0"
514,"   2","   5","2010JJ00","      17","       1","       4","       1","       0","       2","       9","       0","       0","       0"
515,"   2","   5","2011JJ00","      17","       1","       6","       2","       0","       0","       7","       0","       1","       0"
516,"   2","   5","2012JJ00","      17","       1","       3","       1","       0","       1","      11","       0","       0","       0"
517,"   2","   5","2013JJ00","      10","       0","       3","       0","       0","       0","       7","       0","       0","       0"
518,"   2","   5","2014JJ00","      11","       1","       2","       2","       0","       0","       5","       1","       0","       0"
519,"   2","   5","2015JJ00","       9","       1","       3","       0","       0","       0","       5","       0","       0","       0"
520,"   2","   6","1996JJ00","      32","       4","       9","       2","       0","       0","      15","       1","       1","       0"
521,"   2","   6","1997JJ00","      30","       8","       6","       1","       0","       1","      14","       0","       0","       0"
522,"   2","   6","1998JJ00","      39","       8","       7","       2","       1","       0","      20","       0","       1","       0"
523,"   2","   6","1999JJ00","      28","       2","       8","       2","       0","       0","      16","       0","       0","       0"
524,"   2","   6","2000JJ00","      33","       1","      10","       3","       0","       0","      17","       2","       0","       0"
525,"   2","   6","2001JJ00","      24","       3","       8","       1","       1","       0","       9","       2","       0","       0"
526,"   2","   6","2002JJ00","      34","       5","       6","       1","       0","       1","      18","       3","       0","       0"
527,"   2","   6","2003JJ00","      24","       3","       8","       0","       0","       2","       8","       3","       0","       0"
528,"   2","   6","2004JJ00","      25","       3","      11","       0","       0","       2","       9","       0","       0","       0"
529,"   2","   6","2005JJ00","      26","       5","       7","       3","       0","       0","      10","       1","       0","       0"
530,"   2","   6","2006JJ00","      29","       2","      12","       1","       1","       1","      11","       1","       0","       0"
531,"   2","   6","2007JJ00","      19","       2","       5","       2","       0","       1","       9","       0","       0","       0"
532,"   2","   6","2008JJ00","      22","       2","       6","       1","       2","       2","       8","       1","       0","       0"
533,"   2","   6","2009JJ00","      18","       1","       7","       2","       0","       1","       7","       0","       0","       0"
534,"   2","   6","2010JJ00","      21","       6","       4","       1","       1","       3","       5","       1","       0","       0"
535,"   2","   6","2011JJ00","      16","       3","       5","       1","       1","       0","       6","       0","       0","       0"
536,"   2","   6","2012JJ00","      12","       1","       2","       2","       0","       0","       7","       0","       0","       0"
537,"   2","   6","2013JJ00","      18","       2","       9","       3","       1","       0","       3","       0","       0","       0"
538,"   2","   6","2014JJ00","      12","       0","       6","       1","       0","       0","       5","       0","       0","       0"
539,"   2","   6","2015JJ00","      20","       4","       5","       4","       0","       0","       7","       0","       0","       0"
540,"   2","   7","1996JJ00","      25","       6","       9","       0","       0","       0","      10","       0","       0","       0"
541,"   2","   7","1997JJ00","      35","       4","      16","       2","       2","       0","      11","       0","       0","       0"
542,"   2","   7","1998JJ00","      46","       8","      21","       0","       1","       0","      16","       0","       0","       0"
543,"   2","   7","1999JJ00","      35","       5","      11","       3","       1","       0","      12","       0","       0","       3"
544,"   2","   7","2000JJ00","      34","       6","      12","       1","       0","       0","      15","       0","       0","       0"
545,"   2","   7","2001JJ00","      35","       3","      13","       2","       0","       0","      16","       1","       0","       0"
546,"   2","   7","2002JJ00","      28","       7","      10","       4","       0","       0","       7","       0","       0","       0"
547,"   2","   7","2003JJ00","      39","       5","      16","       2","       0","       0","      15","       1","       0","       0"
548,"   2","   7","2004JJ00","      30","       1","      11","       1","       3","       0","      14","       0","       0","       0"
549,"   2","   7","2005JJ00","      22","       2","      10","       0","       0","       0","      10","       0","       0","       0"
550,"   2","   7","2006JJ00","      31","       4","      15","       3","       0","       0","       9","       0","       0","       0"
551,"   2","   7","2007JJ00","      27","       6","       8","       2","       0","       0","       9","       1","       0","       1"
552,"   2","   7","2008JJ00","      21","       4","      11","       1","       0","       0","       5","       0","       0","       0"
553,"   2","   7","2009JJ00","      23","       3","       8","       2","       1","       0","       9","       0","       0","       0"
554,"   2","   7","2010JJ00","      21","       3","       8","       0","       3","       0","       6","       1","       0","       0"
555,"   2","   7","2011JJ00","      18","       1","       7","       1","       0","       0","       8","       0","       1","       0"
556,"   2","   7","2012JJ00","      25","       3","      10","       2","       1","       0","       9","       0","       0","       0"
557,"   2","   7","2013JJ00","      21","       2","      13","       1","       1","       0","       4","       0","       0","       0"
558,"   2","   7","2014JJ00","      13","       2","       7","       0","       1","       0","       3","       0","       0","       0"
559,"   2","   7","2015JJ00","      27","       2","      18","       1","       1","       0","       5","       0","       0","       0"
560,"   2","   8","1996JJ00","      72","      20","      25","       2","       0","       1","      21","       0","       1","       2"
561,"   2","   8","1997JJ00","      68","      11","      22","       1","       1","       1","      32","       0","       0","       0"
562,"   2","   8","1998JJ00","      52","      13","      11","       2","       0","       0","      26","       0","       0","       0"
563,"   2","   8","1999JJ00","      55","       8","      14","       3","       4","       0","      25","       0","       0","       1"
564,"   2","   8","2000JJ00","      54","       7","      25","       3","       1","       0","      17","       0","       0","       1"
565,"   2","   8","2001JJ00","      45","       9","      17","       0","       1","       0","      18","       0","       0","       0"
566,"   2","   8","2002JJ00","      41","      14","       9","       2","       0","       0","      15","       0","       1","       0"
567,"   2","   8","2003JJ00","      41","       7","      19","       2","       1","       0","      12","       0","       0","       0"
568,"   2","   8","2004JJ00","      36","       3","      11","       2","       0","       0","      19","       1","       0","       0"
569,"   2","   8","2005JJ00","      41","      12","      13","       0","       0","       1","      15","       0","       0","       0"
570,"   2","   8","2006JJ00","      36","       5","      16","       1","       2","       0","      12","       0","       0","       0"
571,"   2","   8","2007JJ00","      37","       6","      16","       0","       2","       0","      13","       0","       0","       0"
572,"   2","   8","2008JJ00","      41","       5","      19","       0","       2","       0","      15","       0","       0","       0"
573,"   2","   8","2009JJ00","      30","       5","      12","       3","       0","       0","      10","       0","       0","       0"
574,"   2","   8","2010JJ00","      30","       5","      17","       2","       1","       0","       5","       0","       0","       0"
575,"   2","   8","2011JJ00","      42","       7","      16","       0","       5","       0","      14","       0","       0","       0"
576,"   2","   8","2012JJ00","      48","       7","      31","       1","       1","       0","       8","       0","       0","       0"
577,"   2","   8","2013JJ00","      36","       9","      16","       3","       0","       0","       8","       0","       0","       0"
578,"   2","   8","2014JJ00","      42","       1","      22","       3","       0","       0","      16","       0","       0","       0"
579,"   2","   8","2015JJ00","      38","       6","      21","       0","       2","       0","       9","       0","       0","       0"
580,"   2","   9","1996JJ00","      41","      14","      10","       2","       0","       0","      13","       0","       1","       1"
581,"   2","   9","1997JJ00","      41","      17","      12","       1","       2","       0","       9","       0","       0","       0"
582,"   2","   9","1998JJ00","      29","       9","       7","       0","       0","       0","      12","       0","       0","       1"
583,"   2","   9","1999JJ00","      31","       9","       8","       0","       2","       0","      12","       0","       0","       0"
584,"   2","   9","2000JJ00","      24","       8","       5","       1","       2","       0","       8","       0","       0","       0"
585,"   2","   9","2001JJ00","      29","      12","       5","       0","       1","       0","      10","       0","       0","       1"
586,"   2","   9","2002JJ00","      38","       9","       9","       2","       0","       0","      17","       0","       1","       0"
587,"   2","   9","2003JJ00","      33","      15","       8","       1","       1","       0","       8","       0","       0","       0"
588,"   2","   9","2004JJ00","      32","      11","       5","       0","       4","       0","      12","       0","       0","       0"
589,"   2","   9","2005JJ00","      28","       9","       9","       0","       2","       0","       7","       1","       0","       0"
590,"   2","   9","2006JJ00","      33","       7","      18","       0","       3","       0","       5","       0","       0","       0"
591,"   2","   9","2007JJ00","      26","       7","      10","       0","       2","       0","       7","       0","       0","       0"
592,"   2","   9","2008JJ00","      31","      10","      10","       0","       1","       0","      10","       0","       0","       0"
593,"   2","   9","2009JJ00","      37","      11","      12","       0","       2","       0","      11","       0","       0","       1"
594,"   2","   9","2010JJ00","      27","      10","       6","       3","       1","       0","       7","       0","       0","       0"
595,"   2","   9","2011JJ00","      44","      10","      13","       1","       6","       0","      14","       0","       0","       0"
596,"   2","   9","2012JJ00","      26","       9","       7","       1","       2","       0","       7","       0","       0","       0"
597,"   2","   9","2013JJ00","      34","       8","      15","       1","       3","       0","       7","       0","       0","       0"
598,"   2","   9","2014JJ00","      36","       7","      10","       1","       5","       0","      13","       0","       0","       0"
599,"   2","   9","2015JJ00","      30","       4","      12","       1","       2","       0","      11","       0","       0","       0"
